NA	sentiment	tweet
1.05121E+17	negative	I forgot how sad the first episode of the 5th season of Dexter is. #depressing #dexter #darkpassenger
1.04319E+17	negative	Oct. 2 is almost too far away for me to wait for the return of #Dexter!
1.03642E+17	neutral	"(OFF TOPIC) - there is only 3 episodes on the first disk of #Dexter. Please hurry, @netflix with the 2nd #fitblog"
1.00545E+17	neutral	"@iheardavoicesay is finally catching up to me with #Dexter. I'm only up to season 4, but he has almost finished season 2 today @ home, ill."
1.0222E+17	neutral	"I downloaded the first season of #Dexter, gonna start watching the 2nd episode. Time to tweet #twittwit ^^"
1.01769E+17	neutral	Let's see if I can wrap up season three of #Dexter tonight: only 1 more episode to go till the season finale. Roll on series four please!
1.00396E+17	neutral	RT @ReignOfSuccess: 1st rule of the code: Don't get caught  #Dexter
1.03278E+17	positive	"#3words \""""Tonight's the night\"""" #dexter @SHO_Dexter"
1.06223E+17	positive	"#ICanHonestlySay #Dexter is such a good show, I may order Showtime just because of it."
1.04654E+17	positive	@dazzlindez @hotspur18 Don't feel obliged to discuss #Dexter tonight. Living it large in Brighton so please use direct messages....
1.02977E+17	positive	"@hughhefner Make sure you & the girls watch seasons 1-5 of #Dexter, before season 6 premieres Oct 2.  Seasons 1 & 4 are the best!"
1.05076E+17	positive	Addicted to #Dexter... what's new. Almost done with season 5 and I just got it on Thursday!
1.03749E+17	positive	Barely going to sleep after watching #dexter all evening! I love this show!
1.03535E+17	positive	"Beer and chicken night! Watching #Dexter till the working hours (11.59pm - 8 am) Maybe we should reserve the nickname \""""dexter\""""? Might be fun"
1.00018E+17	positive	Enjoying a night of #Dexter with @DomoniqueP07 :)
1.07552E+17	positive	"Finally starting the 5th season of #Dexter.  See ya later, weekend!"
1.07642E+17	positive	Fuck everyone else #dexter is my friend tonight. Bring it season 4
1.03611E+17	positive	The complete 5th season of #Dexter is available on DVD today! Or you could just watch it On Demand.. http://ht.ly/64rcd
1.07355E+17	positive	"Yeah boiii #entourage tonight, so pissed that there's only 3 epsdes until it ends. Oh well on the up side #dexter season 6 starts soon...ish"
2.63485E+17	neutral	@roslyngjones I\u2019m going Tuesday to the house of blues to see A$AP Rocky
2.6316E+17	neutral	I have a real dilemma here\u002c so tomorrow is the A$AP Rocky concert in phoenix but I got called back to start working tomorrow at Bianchi\u2019s
2.64029E+17	neutral	Whoever\u2019s going to A$AP Rocky wit me on the 8th better buy their tickets like today. I think imma get mine soon
2.6315E+17	neutral	"\""""@Rican_Amor: Who wants to go to a A$AP Rocky concert with me on the 14th or 15th ?!?!?\"""" you don\u2019t have a choice on who you taking we going!"
2.6334E+17	positive	@KalebZian I see you\u2019re in Dallas & a fan of A$AP Rocky\u002c email us (att@m80.com) for a great oppo to attend show at HOB on Fri!
2.64107E+17	positive	@funfunfunfest is coming up this weekend!! We\u2019re super excited! Playing the Blue Stage on Sat night right before A$AP Rocky!
2.63048E+17	positive	AHHH! My mom said yes for me to go the A$AP Rocky concert!! Nov 8th we out! #EXCITED
2.6315E+17	positive	It looks like my brother is going to see A$AP Rocky tomorrow sigh his life needs to stop being significantly better than mine
2.6307E+17	positive	May I ask what\u2019s so cool about A$ap Rocky?
2.64082E+17	positive	Oooh yha and the DMC and A$AP ROCKY one is 2-4th
1.0571E+17	negative	Merril Hoge is stupid. I'm sick of hearing what Tebow can't do. He may not be a #1 right now but it took Aaron Rodgers 3 yrs to start
1.02554E+17	negative	RT @MNVikingsGuy: Is it possible for Aaron Rodgers to suffer a career ending injury tonight? Just curious.
1.00047E+17	neutral	"Aaron Rodgers jersey battery room, under the windmill. Wagnoli - 4 August 2011 - Blog - designer wedding dresses sale,"
1.00001E+17	neutral	"And on the very first play of the night, Aaron Rodgers is INT'd by UDFA CB Brandian Ross, who returns it for a pick-six touchdown."
1.04742E+17	neutral	Da way aaron rodgers lookin greenbay may take it again
1.00756E+17	neutral	"RT @Jim_Alexander: For those just tuning in, #Chargers have linked those two games as pkg. To see Aaron Rodgers Nov 6, you gotta buy tix ..."
1.00727E+17	neutral	"finished qbs. if the draft were today and i got to pick first every time, i'd take Arian Foster, Roddy White, Jason Witten, n Aaron Rodgers"
1.0626E+17	positive	@olbagofdonuts Sensationalism at its finest. Next thing you know we'll be hearing that Graham Harrell may take Aaron Rodgers' spot. SMH.
1.02949E+17	positive	Aaron Rodgers may be the best QB in the NFL and he is still improving -yahoo sports! Nigga fuck with my teamm
1.01076E+17	positive	"Aaron Rodgers totally did the A.I. \""""practice?\"""" routine for the media today. It must be good to be a champion #Packers"
1.01135E+17	positive	"All you need is Ryan Leaf and you got a show. RT @jimrome: Aaron Rodgers, Kurt Warner and Kyle Kendrick are all in The Jungle tomorrow."
1.02525E+17	positive	Browns force Aaron Rodgers and the Packers to go 3&Out on 1st possession. Browns are better than the Steelers at one thing at least.
1.02116E+17	positive	I saw a photo of Aaron Rodgers with some awesome scruff going on today. Did I mention he was at the White House today? IZ COOL.
1.06147E+17	positive	"So far I have drafted Aaron Rodgers at #9 overall, and then at #16 in the 2nd round, Matt Forte. Not bad."
1.04321E+17	positive	"The score may have been 38-26, but Aaron Rodgers kept right up statistically with Favre. Damn. #skolvikings"
1.02419E+17	positive	today is the day we have been waiting for all summer: the day we see aaron rodgers on the field again. so excited. #packers
2.62573E+17	neutral	Kainis! Bukas na pala first day ng Secret Love (Sungkyunkwan Scandal) sa ABS-CBN. Eh may pasok kami bukas. Diaje naman oh!
2.62489E+17	neutral	Mark the dates: Miss Earth 2012 coronation night Nov 24\u002c Sat\u002c LIVE on Starworld\u002c 8PM. Free-TV broadcast on Sun\u002c Nov 25\u002c 10AM on ABS-CBN.
2.6389E+17	neutral	Taking a nap\u002c by 6 or 7 pm I\u2019m going to ABS-CBN.  5am flight tomorrow\u002c #hasslepare!
2.6345E+17	neutral	We saw @annecurtissmith with @vicegandako last October 29 at ABS-CBN hallway.
2.63092E+17	neutral	sungkyunkwan scandal on ABS-CBN.. i just finished the series yesterday..:))))) i may sound like a spoiler now <evil laugh>
2.63842E+17	positive	@tanduayrhumph wow! Thank you TANDUAY may replay ang #TanduayRockfest sa ABS-CBN. you\u2019re the best @tanduayrhunph. ROCK ON PILIPINAS!
2.62389E+17	positive	At noon today\u002c you\u2019ll know why #YouCount tune in to ABS-CBN to see the 1st #TVC of the Biggest & d\u2019 Brightest #BPO Employer in PH #CONVERGYS
2.61388E+17	positive	Everyone please watch ASAP on  ABS-CBN this Sunday to see the beautiful @AnnaMariaPdT :D
2.62065E+17	positive	NOVEMBER SUPER TOUR: Nov 10-11: Rockwell Ten; Nov 9\u002c 16\u002c 23: ABS-CBN Friday Market. Meet Super Tuyo and Friends! See you! :-)
2.62852E+17	positive	thank you ABS-CBN and BCWMH for the fantastic episode today. Tomorrow again. I can\u2019t wait to... http://t.co/ve5Brqh1
2.64251E+17	neutral	ARRIVAL of ship: ARABIAN TAHR Port: ABU DHABI Time: Nov 2 2012 6:11AM (UTC) (Time of arrival/departure is the time the vessel app...
2.64244E+17	neutral	ARRIVAL of ship: MATAF PRIDE Port: ABU DHABI Time: Nov 2 2012 5:44AM (UTC) (Time of arrival/departure is the time the vessel appr...
2.64254E+17	neutral	ARRIVAL of ship: NMS 202 Port: ABU DHABI Time: Nov 2 2012 6:21AM (UTC) (Time of arrival/departure is the time the vessel approach...
2.64075E+17	neutral	ARRIVAL of ship: SHAM Port: ABU DHABI Time: Nov 1 2012 6:27PM (UTC) (Time of arrival/departure is the time the vessel approaches ...
2.64206E+17	neutral	DEPARTURE of ship: AL DHAFRAH Port: ABU DHABI Time: Nov 2 2012 3:09AM (UTC) (Time of arrival/departure is the time the vessel app...
2.64229E+17	neutral	DEPARTURE of ship: AMS 111 Port: ABU DHABI Time: Nov 2 2012 4:47AM (UTC) (Time of arrival/departure is the time the vessel approa...
2.64258E+17	neutral	DEPARTURE of ship: ARABIAN ORYX Port: ABU DHABI Time: Nov 2 2012 6:41AM (UTC) (Time of arrival/departure is the time the vessel a...
2.64229E+17	neutral	DEPARTURE of ship: JUMBO SPIRIT Port: ABU DHABI Time: Nov 2 2012 4:49AM (UTC) (Time of arrival/departure is the time the vessel a...
2.64218E+17	neutral	DEPARTURE of ship: SHAM Port: ABU DHABI Time: Nov 2 2012 4:09AM (UTC) (Time of arrival/departure is the time the vessel approache...
2.64233E+17	neutral	DEPARTURE of ship: STANFORD PROVIDER Port: ABU DHABI Time: Nov 2 2012 5:03AM (UTC) (Time of arrival/departure is the time the ves...
2.62085E+17	negative	@imjustanerd We may not win Academy Awards\u002c but we will be the freaking People\u2019s Choice dammit!!!
2.62986E+17	neutral	@GrantLawrence @CBCRadio3 I\u2019m just suggesting it for the sake of completeness\u002c a la Polaris\u2019s May 31st deadline & Academy Awards\u2019 Dec. 31.
2.57178E+17	neutral	@NickScholer Have you seen Lawless? If Guy Pearce doesn\u2019t get an Oscar nomination for that\u002c I may possibly give up on the Academy Awards..
2.5538E+17	neutral	Actors have the Academy Awards\u002c Recording Artists have the Grammys\u002c and now..DJ\u2019s have the GSA\u2019s!! - NOMINEES ANNOUNCED TOMORROW 10/9
2.53047E+17	neutral	Seth McFarlane set to host the 85th Academy Awards in February. What do you think of that choice?
2.62982E+17	neutral	The 1st Academy Awards ceremony\u002c presented by the Academy of Motion Picture Arts and Sciences (AMPAS)\u002c honored... http://t.co/UWIF37QV
2.58221E+17	neutral	The Clown has broken the record and become the 1st film to win 12 Brazilian Academy Awards yesterday. http://t.co/mbSGY3kt
2.58964E+17	neutral	Today\u2019s answer: Stone has received 3 Academy Awards for his work on the films Midnight Express\u002c Platoon\u002c and Born on the Fourth of July.
2.64174E+17	neutral	Would your company like to #sponsor the 3rd annual PNC Bank #NonProfit Academy Awards?  See attached for details. http://t.co/ebZFV0SR
2.59133E+17	positive	The 1st Black woman to ever host the Academy Awards was=>@WhoopiGoldberg! I want to be like her! #BlackHistoryMoment
2.64125E+17	negative	Fuck SAT! ACT is where it\u2019s at! :D
2.64186E+17	negative	I don\u2019t want to take ACT tomorrow. ):
2.64095E+17	negative	Talking about ACT\u2019s && SAT\u2019s\u002c deciding where I want to go to college\u002c applying to colleges and everything about college stresses me out.
2.6389E+17	negative	registering for my ACT\u2019s and SAT\u2019s at the last minute -____- I am so tired
2.64132E+17	neutral	@CASS_TAR is addicted to ACT. She just took one on Saturday. And she just signed up for a third test.
2.64159E+17	neutral	@Lo3o2 Oh iight I can dig it but how you going to act tomorrow night tho younging ?
2.63894E+17	neutral	Also need to be at least accredated in ACT or REBT before the end of 4th yr.
2.64154E+17	neutral	Finished signing up for the SAT and ACT
2.64093E+17	neutral	oH MAN i thought the deadline for ACT was tomorrow I have until the 9th bless
2.63712E+17	negative	@dannyislington nah I havnt knew about the Adidas deal! U like it? I\u2019m undecided....   Where u watching game sat? I\u2019m trying to get it off!
2.63875E+17	neutral	@AidilIzwann cause my agent say those who wanna continue at Adidas go to the office on monday @ 2pm! no other days to go alr! ASK QUICK.
2.64076E+17	neutral	@KingSwaGGyy yeaa im still lookin smh...may have to go to the adidas store. The asian dudes wear em 24/7.
2.63836E+17	neutral	@sabrina_k13 I think so ill bring it on Monday is it the Adidas
2.64164E+17	neutral	Bring the Adidas sock tomorrow @trytheV3AL
2.63728E+17	neutral	Got the job in the mall ..now time to get the job at  Adidas tomorrow
2.64124E+17	neutral	i\u2019ll make my bid for the adidas predator tomorrow Godwilling...
2.6375E+17	positive	"@thewovenword ....is @ericwfoster going as that \""""Upwards Kid\"""" that he played so well on Sunday night??!! ....with his prop/friend\u002c \""""Adidas\""""?"
2.64231E+17	positive	Even though Nike is 10x better than Adidas I\u2019m still going to the Adidas employee store tomorrow
2.6423E+17	positive	Oh and P.S. big Adidas warehouse sale tomorrow if you\u2019re interested!
2.23577E+17	neutral	@PartyMiami247: THE DONKEY SHOW OPENING TOMORROW at the ADRIENNE ARSHT CENTER @ArshtCenter GET YOUR TICKETS TODAY http://t.co/TztF8riS
2.5798E+17	neutral	Friday\u002c October 19th - Talib Kweli: Idle Warship with Res at the Adrienne Arsht Center!  http://t.co/LJ94Bofa
2.58275E+17	neutral	Hip Hop Fans! #TALIBKWELI - IDLE WARSHIP WITH #RES this Fri  @ Adrienne Arsht Center for the Performing Arts http://t.co/ntou49hv
2.05784E+17	neutral	I got tomorrow off!! Woooop!! (@ Adrienne Arsht Center for the Performing Arts) http://t.co/mzdD0SYo
2.30787E+17	neutral	Join us at The Donkey Show at Adrienne Arsht Center for the Performing Arts THIS Friday! SAVE $5 OFF tickets to... http://t.co/1Y28RGud
2.55783E+17	neutral	PHOTOS: Rock Of Ages kicks off the 7th Season at the Adrienne Arsht Center @arshtcenter http://t.co/btD3cATy
2.27553E+17	neutral	The Disco Balls are being polished...are you ready!?! This Thursday Night! Join us at the Adrienne Arsht Center... http://t.co/ahrAVMu0
2.2248E+17	neutral	"This Thursday we have tickets to the special pre-screening event of \""""The Donkey Show\"""" Adrienne Arsht Center for... http://t.co/OEJOHoXL"
2.59651E+17	neutral	uploading random pics! Lol this is me last Sunday at a show at the Adrienne Arsht Center! http://t.co/LeuEqikT
2.2382E+17	positive	The Donkey Show - Friday the 13th is an exciting day for the Adrienne Arsht Center of the Performing Arts in... http://t.co/bBWutUD0
2.48439E+17	negative	3rd one dropped by Afghans. This is not how you put pressure.  #indvafg #wt20
2.55259E+17	negative	@verumserum Vandals in Oakland same as the night before in SF with Afghans grown in. http://t.co/hTOswj4n
2.48713E+17	negative	Afghans protest against French cartoons\u002c US film: Hundreds of Afghans on Thursday protested for the first time a... http://t.co/72mtIYlV
2.48788E+17	negative	Rediff Live! Hundreds of Afghans on Thursday protested for the first time against cartoons of the prophet Mohamm... http://t.co/Eo6GLev6
2.49178E+17	negative	Wicket\u002c its getting worse for the Afghans\u002c they have slipped to 22-4 after Karim Sadiq (5) was run out by Jos Buttler in the 6th over.
2.48916E+17	neutral	Pakistan to talk counterterrorism with US\u002c Afghans: Pakistan\u2019s foreign minister revealed Thursday that her country would soon hold co...
2.5356E+17	neutral	Taken 2 comes out Friday and the Afghans will have it Saturday guaranteed
2.58984E+17	positive	@Mikeisthestig Not in the Afghan halal meat shop but it may as well be with the amount of Afghans and halal meat in the house!!
2.63677E+17	positive	@PeymanaAssad Yesterday? lol alotta Afghans had birthdays yesterday it isnt even January 1st\u002c Happy Birthday :D
2.57276E+17	positive	Skyline Drive/ Shenandoah w the fambam tomorrow! Afghans at a park.. on a Sunday.. how unique lol
2.61901E+17	neutral	6 people left in the world and one of them is bill Murray ...there\u2019s only 5 people .....who\u2019s the 6th???
2.61338E+17	neutral	@bamberwove haha if it gets to serious you may wanna call the original ghost hunter... Bill Murray #ghostbusters
2.63439E+17	neutral	"@maylingsu I\u2019m thinking of an outfit like \""""Nick the Lounge Singer\"""" (Bill Murray) from the old old Saturday Night Live. Maybe a sherbet tux?"
2.63284E+17	neutral	Bill Murray: Yeah\u002c on Monday I am off to meet Infinity Ward about the next game\u002c Modern Warfare 4\u002c Im doing work on the sequel to MW3
2.62384E+17	neutral	C\u2019mon Avila! You just got tagged out by a guy who looks like the kid Bill Murray was researching in The Royal Tenenbaums! #Tigers
2.63235E+17	neutral	Tom hanks and bill Murray may be the two people I would most like to meet. Well\u002c them and Scarlett Johansen. Different reasons though...
2.63918E+17	neutral	"When \""""columbus\"""" shoots Bill Murray in zombieland it may be one of the funniest things ever."
2.62283E+17	positive	@lilyeliza1 Bruce Willis\u002c Bill Murray and Ed Norton all in the same film. I may faint.
2.61557E+17	positive	I may spend a lot of my free time riding on random elevators hoping for a chance encounter with Bill Murray...
2.61864E+17	positive	Just cus it\u2019s Friday here are 62 reasons why Bill Murray is awesome http://t.co/e78cx5hQ
2.50396E+17	neutral	@dantencer Oct 17 it will be mostly dead but mostly dead is still a little bit alive!! (Billy Crystal the princess bride)
2.43913E+17	neutral	@keltron76 Your helicopter may be wicked\u002c but your Billy Crystal is gonna be the http://t.co/3YMIJe4C #going2Bgreat
2.53307E+17	neutral	"@mindykaling is it just me or does \""""Danny\"""" seem a lot like Billy Crystal in the first 1/3rd of When Harry Met Sally?"
2.5771E+17	neutral	"@thebrandbuilder @jowyang \""""See what I just did\"""" sound s like you saw Billy Crystal in Mr. Saturday Night. Yes?"
2.53418E+17	neutral	Billy Crystal attends the special 25th Anniversary Screening of \u2019The Princess Bride\u2019 at the New York Festival http://t.co/5juFdoBK
2.39603E+17	neutral	Meg Ryan: They don\u2019t make Sunday underpants.  Billy Crystal: Why? MR: Because of God. BC: *blank stare* #whenharrymetsally
2.54246E+17	neutral	We got tickets for the Late Show with David Letterman which will air tonight!  Look for us in the 3rd row.  Billy Crystal is the guest.
2.61256E+17	positive	Love Billy Crystal introducing the 1st game of the World Series.
2.54267E+17	positive	Watching When Harry met Sally\u002c how I love that movie!!! A) it\u2019s NYC B) it\u2019s Billy Crystal and Meg Ryan :) what a perfect start to Friday!
2.51035E+17	positive	Yelawolf is still the best Yelawolf - Billy Crystal Feat Rockcity On screen lyrics: http://t.co/0iSVQN00 via #DGITjustbecause he took 4th
2.55834E+17	negative	@IvanCarterCSN billy cundiff. His missed FG at the end of the 2nd quarter changed the game. He\u2019ll never play again
2.55774E+17	negative	"\""""No you may not kick it.\""""  -Tribe Called Quest answering a text from Billy Cundiff"
2.61587E+17	neutral	@Cardschatter @azcardinalsftw D\u002c you\u2019re the closest source btwn fans & team. BTW heard cards may sign Billy Cundiff. Any truth?! #snarklife
2.55759E+17	neutral	"@bacana1 MT@wingoz: The Baltimore Sun reporting that the Redskins have just Cundiff-ed Billy Cundiff\"""""
2.55983E+17	neutral	If any Baltimore team mascots come up missing 1st person of interest should be Billy Cundiff! Or the Redskins mascot is taken blame him!
2.56605E+17	neutral	Look #Steelers fans I know you may be upset about Suisham missing that kick. Just know that I heard a guy named Billy Cundiff is available.
2.56238E+17	neutral	The pain is far deeper than a Billy cundiff missed field goal. Gotta wake up and forget about it tomorrow. #Orioles #stayhungry
2.5543E+17	neutral	"\""""per team source the Redskins will bring in some kickers for workouts tomorrow\u002c after Billy Cundiff\u2019s poor... http://t.co/PCv5l25P"
2.55732E+17	positive	Billy Cundiff may be leaving Washington.  Hopefully he won\u2019t miss the door on the way out.
2.5838E+17	positive	This President talking about growing the economy is like Billy Cundiff explaining to someone how to make a field goal in the 4th quarter.
2.3178E+17	neutral	@kinagrannis Two Birthday Cakes! One with Jelly Beans! I wonder what kind of Birthday Cake the 2nd one was? Goodnight Kina\u002c Emi\u002c and Misa.
2.20701E+17	neutral	According to the radio\u002c Rihanna\u2019s Birthday Cake is the official 4th of July anthem. Sounds about right.
2.23116E+17	neutral	Since tomorrow is my birthday & all\u002c I\u2019m gonna listen to every song with  the word birthday in it... Birthday Cake\u002c Birthday Girl...
2.26862E+17	neutral	Tomorrow I get to make a Birthday Cake.
2.51797E+17	positive	@Pikeyessex just in case you haven\u2019t had enough we have plenty of Birthday Cake ready for you tomorrow!
2.60485E+17	positive	I still want that Birthday Cake remix that I wanted on Saturday...
2.47522E+17	positive	"The Girl with the Birthday Cake on her in the \""""Birthday Song\"""" video.. Can somebody bring her to my house Thursday?"
2.2105E+17	positive	"These lil girls singing \""""Birthday Cake\"""" .....girl it was yo 10th birthday the other day smh lol"
2.54864E+17	positive	What better than to enjoy Turkey\u002c Pumpkin Pie and Birthday Cake all on the same day #Monday. Best way to celebrate being legal! #cantwait
2.32642E+17	positive	"\""""Birthday Cake\"""" is gonna be the song leading us into 4th quarter\u002c count it."
2.62629E+17	negative	@Becker_Boris It\u2019s almost 2 am in BKK but I can\u2019t sleep after the game. It isn\u2019t the 1st time we lost cuz of ref.
2.63295E+17	negative	@GD_girlsdesire awww Saturday? how was it?? @Realtaeyang you dont even came to my side much in BKK con\u002c i was so upset abt that
2.6359E+17	neutral	@RambleAndWander @xavieremir since ET went via BKK and has 5th freedom rights (which can load/unload pax)\u002c it\u2019s a indirect flight.
2.63575E+17	neutral	@dubonew  Plz\u002cTransfer money in TOMORROW!!. Because we want to success before SM Town in BKK.we have a big project for minseok ^^
2.63525E+17	neutral	@wayne_hay will you be in Myanmar on Saturday? I work with Tom at Spark PR in BKK. We have an event on Saturday in Yangon with Visa
2.63145E+17	neutral	last push! last day of training before the break! then i\u2019m off to BKK on thursday!!
2.63825E+17	positive	@BK_Worker2012  Hello Marie\u002c Are you stay in Bkk?. May God bless you:-)
2.62773E+17	positive	@MissPawee yes\u002c it\u2019s doable. I was at BKK from march 1-4 at night then flew to europe on march 5 in the morning.
2.64233E+17	positive	@kapoorkkunal Looking fwd to watching it sometime soon in BKK. :-) have a super friday and weekend ahead! Lotsa love :D
2.63742E+17	positive	THANKS TO THOSE WHO CAME DOWN TODAY!! Thanks for the love tonight!! BKK bound now!! See ya party people next wednesday!! #TGIW <3 GHETTO :)
2.63304E+17	negative	Im going to be the Black Dahlia tomorrow and no ones going to get it because everyone is stupid.
2.52114E+17	neutral	50 bucks to see Dethklok\u002c Machine Head\u002c All That Remains\u002c and The Black Dahlia Murder. I may just have to go see this show with or witho ...
2.53037E+17	neutral	Bloodbeast returns to the stage with Killatoria and new act Predomination. Join them this Friday at Black Dahlia.... http://t.co/nZb6hCmH
2.53717E+17	neutral	Come check out @shoutheyband at the black dahlia on saturday night! It\u2019s going to be a party!
2.56465E+17	neutral	OK\u002c who\u2019s going to Dethklok\u002c Black Dahlia Murder and All That Remains in Oakland Nov 26? http://t.co/fRDYgdWQ
2.63876E+17	neutral	Polar Dust is hitting Black Dahlia in Boksburg on the 10th of November. Click here for event details: http://t.co/9de40jL4
2.52727E+17	positive	@AcousticCrowds DM me your number and I\u2019ll send you a pic of the dress I\u2019m wearing Wednesday. It\u2019s perfect for being the Black Dahlia.<3
2.60961E+17	positive	@ashhellaflush haha Black Dahlia was my favorite song by them too!! I miss you too. Are you still going to miss may I?? :)
2.53066E+17	positive	@brittanymariep dethklok is having a tour:) they\u2019re coming to Chattanooga Dec 6 with Machine head. Black Dahlia Murder and ATR. I\u2019m going :)
2.49308E+17	positive	OMFGOMFGOMFGOMFG The Black Dahlia Murder/Machine Head/Dethklok/All That Remains are gonna be at the Palladium in November! *JOOOOOOOY*
2.16443E+17	negative	I just need to chill. Can\u2019t wait to unleash some aggression at Black Dahlia Murder tomorrow. #GonnaEndALife
2.45212E+17	neutral	@Q98Rocks Presents: DETHKLOK with MACHINE HEAD\u002c ALL THAT REMAINS\u002c and BLACK DAHLIA MURDER! TUESDAY\u002c NOVEMBER 13TH AT THE VENUE AT THE HUB!
2.4982E+17	neutral	@_justkel so excited about Cannibal Corpse\u002c I\u2019ve seen Devildriver twice but this\u2019ll be my 1st time for Corpse. oh and BLACK DAHLIA MURDER!
2.47863E+17	neutral	Dethklok\u002c All That Remains\u002c Machine Head\u002c Black Dahlia Murder\u002c and the Pacquiao vs Marquez fight this December >>>>>>>>>>>>>>>>>>>>>>>>>>>>>
2.46459E+17	neutral	Dethklok\u002c All That Remains\u002c Machine Head\u002c and The Black Dahlia Murder at Stage AE November 8th..HIGHLY considering going to that.#heavymetal
2.53545E+17	neutral	Jamming AA\u002c Miss May I\u002c and Black Dahlia Murder all day #RAGE
2.45207E+17	neutral	Q98 Presents: DETHKLOK with MACHINE HEAD\u002c ALL THAT REMAINS\u002c and BLACK DAHLIA MURDER! TUESDAY\u002c NOVEMBER 13TH AT... http://t.co/OpzJoZzP
2.46633E+17	neutral	So In Flames is coming back in December with Lamb of God\u002c then a couple days later\u002c Dethklok is coming with Black Dahlia Murder #stoked
2.22972E+17	positive	@FuckAria I can wear a Black Dahlia Murder shirt one day\u002c and a sun dress the next xD
2.45245E+17	positive	Dethklok\u002c All That Remains\u002c and Black Dahlia Murder in November? I can dig it!
2.62806E+17	neutral	#UFO & #Aliens Black Triangle Sighting in Pompano Beach\u002c Florida on October 28th 2012 - basically it blended wit... http://t.co/nSexv3ah
2.62345E+17	neutral	Alternative news: Black Triangle Sighting in Tucson\u002c Arizona on October 20th 2012 - Red circle with triangle cut... http://t.co/17nxAARp
2.63326E+17	neutral	Black Triangle Sighting in Oranjestad\u002c  on October 11th 2012 - black triangle ufo with resemblance of a stealth ... http://t.co/xE7uSjBc
2.61698E+17	neutral	Black Triangle Sighting in Perryton\u002c Texas on October 20th 2012 - Black object that obscured the sky and stars: ... http://t.co/Vgg6mDbs
2.63326E+17	neutral	UFO Sighting: Black Triangle Sighting in Oranjestad\u002c  on October 11th 2012 - black triangle ufo with resemblance... http://t.co/pwba09f5
2.61694E+17	neutral	UFO Sighting: Black Triangle Sighting in Perryton\u002c Texas on August 11th 2012 - Dark triangle shape across the sk... http://t.co/SRtIs128
2.61698E+17	neutral	UFO Sighting: Black Triangle Sighting in Perryton\u002c Texas on October 20th 2012 - Black object that obscured the s... http://t.co/BSoMVMSR
2.6252E+17	neutral	"Yes\u002c it is us: \"""" Black Triangle Sighting in Plainfield\u002c Illinois on January 4th 2000 - Large triangle ... http://t.co/gNrCFo6o \"""" #aliens"
2.62806E+17	neutral	"Yes\u002c it is us: \"""" Black Triangle Sighting in Pompano Beach\u002c Florida on October 28th 2012 - basically it... http://t.co/W6uCvtlp \"""" #aliens"
2.61945E+17	positive	"Yes\u002c it is us: \"""" Black Triangle Sighting in Olmsted Falls\u002c Ohio on October 12th 2012 - Triangular sape... http://t.co/p7dDl5yp \"""" #aliens"
1.09001E+17	negative	@BarackObama don't do it!  He won't respect you!  RT @thehill: Boehner asks Obama to move speech to Thursday http://ow.ly/6i345
1.09017E+17	negative	"Boehner tells Obama that sorry, the House is all booked up for Sept 7, maybe you can come another day... http://j.mp/qaXCPV"
1.09001E+17	negative	"Boehner wants Obama to move his speech on Wed to Thurs of nxt week, due to the GOP debate on Wed. No sense of urgency while americans suffer"
1.09003E+17	negative	Boehner wants president to change speech to Thurs instead of going against #GOP2012 debate. What? Same time as Packers-Saints #NFL opener?!?
1.06072E+17	negative	"DAMN, Someone saved HOLDER from the Earthquake! technically dont know why w/Biden out & Obama always out Boehner is 3rd in line!"
1.09003E+17	negative	RT @SovernNation: Boehner wants president to change speech to Thurs instead of going against #GOP2012 debate. What? Same time as Packers ...
1.09001E+17	negative	The GOP's greatest crime? @pwire: Boehner proposes Obama speech be on the same night as NFL opening night...  http://t.co/aS8DBGS
1.00669E+17	neutral	"@PsychoSix-Smoker Beohner \""got 98% of what he wanted.\""  Fact: Dow down 634 today and Boehner OWNS every point. #p2 #fok #maddow #teaparty"
1.08578E+17	neutral	@samyoungman Boehner sent a letter? @jamiedupree tweeted yesterday about one from Cantor.
1.09001E+17	neutral	Boehner proposes Obama speech be on the same night as NFL opening night...  http://t.co/kBX7PRr
1.09002E+17	neutral	"Boehner rejects 7th, invites Obama on 8th, NFL opening night. So Obama just has to speak @ WH on 7th to \""save\"" football coverage? #doitnow"
1.09003E+17	neutral	"If he truly loves his party, Boehner should be doing all he can to schedule Obama's address on the same night as the GOP debate."
1.09001E+17	neutral	"MT @thehill: Boehner asks Obama to move speech to Thurs http://t.co/tpjAWoy || Forget U @JohnBoehner, \""with or w/o U\"". Tues works for me."
1.01028E+17	neutral	RT @JoshDorner: RT @ThinkProgress These golf balls with Pelosi's face on them allegedly distributed at Boehner fundraiser today. http:// ...
1.09001E+17	neutral	RT @pwire: Boehner proposes Obama speech be on the same night as NFL opening night...  http://t.co/kBX7PRr
1.01029E+17	neutral	RT @thinkprogress Golf balls with Pelosi's face on them allegedly distributed at Boehner fundraiser today. http://t.co/AILg0QA | SICK!
1.0088E+17	positive	"@sunnyvegas702 Nice! Disagreement! Of course, he sat down with Boehner only thi (@YouTube http://youtu.be/_darnZtzjJo?a)"
1.04033E+17	positive	Hide in country clubs all U want Boehner! ReverseRobocall.com launching soon & I'm one of 1st in line! Join me. #launch http://t.co/6Qpx3X4
1.08155E+17	neutral	@QBKILLA Good morning Killa! Who's your pick for the Georgia - Boise State game this Saturday?
1.01484E+17	neutral	@_loveebreezyy Yo man @truthh4 wants you to wear a Dawgs jersey! Boise State jerseys are going out of fashion on September 4th. #UGADAWGSWAG
1.08127E+17	neutral	Boise State may make Brandon Boykin's day. http://t.co/yBVsBqr /via @wordpressdotcom #uga #dawgs #boise #georgia #bulldogs
1.08157E+17	neutral	Morning paper: Georgia gets ready for the big opener it 'needed.' Boise State looks for a kicker. The Bangles. http://t.co/g0scXUL
1.0242E+17	neutral	RT @BSUBroncoNation: Program Alert: @TheMtn will be having a debate whether or not Boise State can win it all! Check out the show today  ...
1.08263E+17	neutral	"RT @Drofdarb23: Damn. Who becomes the 3rd back, Ajayi?  RT @IDS_BroncoBeat Boise State RB malcolm Johnson tore ACL in practice yesterday."
1.082E+17	neutral	"RT @MikeABarber: \""We called Boise State & tried to get them to schedule North Carolina on Monday night. They didn't do it\"" Mickey Matthe ..."
1.01756E+17	neutral	"RT @MollySportsTV: Our Football Season Preview shows start airing tonight on The Mtn..half-hour, each program..the latest on Boise State ..."
1.06963E+17	positive	@CaramelBonitaa yeah I no but on the bright side I just got a letter from Boise State yesterday :)
1.08216E+17	positive	Boise State's jerseys for the game Saturday are sick.  You won't be dissapointed.
1.02192E+17	positive	"Girl singing the national anthem tonight is a Boise State student. I gave her a \""Go Ducks\"" before she went out. Didn't seem to faze her."
1.08613E+17	positive	Got 2 letters today! One from Wake Forest University and the other from Boise State :)))
1.082E+17	positive	"I love you all so much. Come join us on Saturday evening for the UGA v. Boise State game. Game is at 8pm, but we... http://t.co/eF9iQB8"
1.06783E+17	positive	In an ideal world Oregon and Boise State will win Sept 3rd and give power to the PAC NW! #GoDucks
1.07946E+17	positive	"RT @zagswsoccer: The Zags hold a 1-0 lead for 84 minutes to beat Boise State and win the Bronco Invite. Goal by Sarah Rhodes, her 3rd of ..."
1.0796E+17	positive	The other night I had a dream UGA beat Boise State. Let's hope it comes true
1.04531E+17	negative	@Ed001andonly same way as in Bolton are being stubborn and not talking or demanding a stupid fee ? Are you expecting Jim to sign today ?
1.0447E+17	negative	@m11kte Won't see me :( I'm off to Bolton later today for the weekend. Typical timing as ever!
1.03914E+17	negative	Gutted my match is off against Bolton tomorrow! Was well up for it :(
1.04246E+17	negative	I wish I was in Bolton tonight :(
1.01935E+17	neutral	@1074towerfm Pls RT Bolton Society for Blind People are bringing Vegas to Bolton with a Charity Dinner on 23 Sep http://t.co/4mvokMM #BSBP
1.04259E+17	neutral	@Bullock_NFFC will he be able to perform on a cold summers day at Bolton on Sunday?? Probably...
1.01934E+17	neutral	@TheBoltonNews Pls RT - Bolton Society for Blind People are bringing Vegas to Bolton with a Charity Dinner on 23 Sep http://t.co/4mvokMM
1.04986E+17	neutral	@mzma187 I'm thinking of going tomorrow and then moving onto Bolton from there to get City + Eagles
1.01935E+17	neutral	Bolton Society for Blind People are bringing Vegas to Bolton with a Charity Dinner on 23 Sep http://t.co/4mvokMM Please RT xx #BSBP
1.04487E+17	neutral	"Paddy McGuinness on This Morning, continuing to show the old stereotype that broadcasters from Bolton have to shout all the time."
1.04713E+17	neutral	"RT @KerkyMcfc: 1 more day of work tomorrow then it's Bolton, first away of the season mcmcfmcfcok"
1.03958E+17	positive	"@CJonesy77 dunno, Sky reporting it tonight, Everton & Bolton also interested according to Twitter search"
1.05015E+17	positive	"@swp29 Just seen your goals in the 5-2 City win against Bolton in 2003. Need to get them days back man, hope you play tomorrow. Top player."
1.04141E+17	positive	At Bolton 6th form college... A Level celebrations for tonight include watching a DVD and staying in with the dog + a bottle of vodka #wild
1.05E+17	positive	Bolton away tomorrow! Hope @swp29 gets a game....after his quality pre-season. Up the blues! @MCFC <3
1.04487E+17	positive	"Gym tonight dependent on how, erm... fresh, my kit is. Otherwise its a pilgrimage to Bolton first, or Saturday morning. Feeling good."
1.05044E+17	positive	I reckon the match between Bolton and Man City should be good tomorrow! #footballseason
1.0503E+17	positive	"Ironman UK, Bolton highlights on tomorrow: 7.10 am on channel 4, or watch back on 4OD! Hope i can get a sneaky glimpse on it!"
2.36937E+17	neutral	6 agencies\u002c incl. the Bomb Squad\u002c were needed to dispose of hazardous waste at E. 10th St/Post Rd. http://t.co/TnCe4sfH http://t.co/iESfohaa
2.23513E+17	neutral	Its Thursdayyyyy so it\u2019s ladies night @IconsGrille come out and get your thirsty Thursday on with the Bomb Squad!!!!
2.46321E+17	neutral	Last\u002c U-School HC said the next member of the Bomb Squad will be 9th grader Sam Bruce\u002c nephew of Isaac Bruce #2016Prospect @larryblustein
2.22808E+17	neutral	Well\u002c monsoon coming in from the North and the Bomb Squad down in Midtown on the 15th. Time to go.
2.60566E+17	positive	Bomb Squad bake sale Thursday the 25th !!! Don\u2019t miss out.
2.12484E+17	positive	Excitement and danger #Estatesales. Found old WWII shells\u002c not inert!  Spent time with Bomb Squad!  How is that for a Monday?
2.52047E+17	positive	Good morning Bomb Squad family! I hope you all have a lovely Saturday!
2.11638E+17	positive	Gumby may be the answer to our forward woes. The Bomb Squad never stop believing\u002c and we never stop believing in Gumby. #releasethegumby
2.20598E+17	positive	Happy 4th from the Bomb Squad! http://t.co/aEkrD7OV
2.48617E+17	positive	ok Im off twitter for the night til tomorrow Bomb Squad enjoy ur night love you much!
2.13763E+17	neutral	Brit Award winning pop-star Mika is set to return with his brand new album The Origin of Love\u002c released on Island Records on September 16.
2.53932E+17	neutral	So @onedirection will be in the @CapitalOfficial London studio tomorrow morning. Hope no one mentions Harry\u2019s Brit Award error
1.96728E+17	positive	#1DFacts On the 21st of February 2012\u002c at 8:39pm on Table 74\u002c One Direction lifted their first ever Brit Award for Best British Single
2.45934E+17	positive	@mrjimBob @booksellercrow she\u2019s alright\u002c she\u2019ll win the Brit Award for best female if she breaks wind between now and May.
2.18985E+17	positive	I just realized that the boys won their Brit Award on my birthday February 21 then I was like partying that time they recieved it!#BESTGIFTx
2.27387E+17	positive	Look how far they\u2019ve come since July 23rd 2010. They have a smash album\u002c Brit Award\u002c and the even beat out Justin Bieber for a TCA.
2.37943E+17	positive	Our SE member the Alresford Community Choir to share the stage with Brit Award winning @TheBandBlake on Sep 15 @TRwinchester. How exciting!
1.99095E+17	positive	Scoop! Elmbridge Choir performing with Brit Award classic boy-band BLAKE on May 24th at Epsom Playhouse! Yoohoo how cool is that!
2.491E+17	positive	Three times Grammy nominated\u002c Brit Award nominee and Ivor Novella winner Joan Armatrading takes to the stage on Sunday! http://t.co/M2uukRLx
2.50973E+17	positive	We\u2019re in the studio working on the new album and it sounds EPIC. We may as well pick up our Brit Award now\u002c tbh.
2.37887E+17	neutral	5 Times Oscar winner John Williams will receive a lifetime achievement award at the Classical Brit Awards on October 2 at Royal Albert Hall
2.56746E+17	neutral	@russellthevoice Russell u beat me 2 it lol I was gonna tweet about the Classical Brit Awards being on this Sunday xxxxxxx
2.54939E+17	neutral	Don\u2019t Forget The Classical Brit Awards At 10pm tonight for a Special appearance of the 25th anniversary Cast of Phantom for 26th Bday??
2.42556E+17	neutral	Laura Wright\u002c Gareth Malone\u002c Noah Stewart and Margherita Taylor attend the Classic BRIT Awards launch\u002c September 6
2.42555E+17	neutral	Laura Wright\u002c Gareth Malone\u002c Noah Stewart and Margherita Taylor attend the Classic BRIT Awards\u002c September 6
2.53238E+17	neutral	OMG!!! Ramin and Sierra performing Phantom of the opera at the classical brit awards televised on sunday ITV at 10.30pm!!!! :D
2.42844E+17	positive	@NJHoranHugs Haha\u002c I hardly knew about them and one day I was at her house and she sat me down and made me watch the Brit Awards with her :)
2.54523E+17	positive	It makes me feel so gay that I just set the classical Brit awards to record tomorrow haha oh dear
2.53626E+17	positive	So glad that the Classical Brit Awards are on ITV 1 on Sunday have set the record button just in case I forget to watch.
2.62007E+17	negative	this nigga @OctobersOwn91 just hit a full court one handed shot with brook lopez...smh\u002c 21st birthday shit
2.57981E+17	neutral	@Chris_Cordaro24 1st game in brooklyn and i want to see brook lopez
2.57279E+17	neutral	Brook Lopez gets a short shot +1\u002c #brooklynnets lead 71-56 w/ 4:20 to play in the 3rd quarter. #hellobrooklyn
2.57271E+17	neutral	Brook Lopez scored 9 points in the 2nd quarter and was featured by #Nets. Joe Johnson was absent\u002c but should play in 2nd half. #Nets #NBA
2.5801E+17	neutral	Brook Lopez with a Double Double in the 3rd #NetsNation
2.58016E+17	neutral	Dont look now but: Brook Lopez had 19 pts & 9 rebs (28mins) in 1st game back from foot injury over weekend. 18 & 11 (25 mins) tonight.
2.59462E+17	neutral	Imma need Brook Lopez to get more aggressive on the boards. 7 feet tall\u002c c\u2019mon son
2.63441E+17	positive	@realcavsfans @GregBag79 AV has 11 offensive rebounds with 4 minutes left in the 3rd. That\u2019s a good month for Brook Lopez.
2.61274E+17	positive	Brook Lopez the 2nd best offensive center in the NBA he not ass
2.57343E+17	positive	son if deandre learned anything more than dunking.he could be the 3rd best center in the league. brook lopez\u2019s rebound numbers hold him back
2.54602E+17	negative	@mperillo86 watching Cannavaro on the 2nd even more embarrassing.
1.56453E+17	negative	Although there was that one time he finished 3rd and Cannavaro finished 1st. Yes\u002c Fabio Cannavaro. Bullshit.
2.01663E+17	negative	But this is not the 1st time that Juventus is maximizing the potentials of ex-Milan players..Cannavaro and Edgar Davids are similar cases
2.26414E+17	neutral	@Raheem_orDie tomorrow fc toronto vs liverpool? Are you go at stadium? Today napoli won 3 a 2 vs bayern !! Scored: Pandev\u002cCannavaro\u002cinsigne!
2.10443E+17	neutral	@zachbussey that year is to be unspoken of. Remember those rubber bracelets too? I may or may not have a dog tag with Cannavaro on it....
1.71857E+17	neutral	Drogba(as reports suggest he is preferred to start)\u002c If Cannavaro has anything close to the game he had on friday then he takes this.
2.45597E+17	neutral	This is Buffon\u2019s 122nd cap for Italy\u002c now just 4 behind Maldini in 2nd and 14 behind the leader\u002c Cannavaro. #Legend
2.05978E+17	neutral	"\""""For the 1st time since 1978 Italy will travel to a major tournament without Franco Baresi\u002c Paolo Maldini or Cannavaro\"""" via @zonalmarking"
2.18767E+17	positive	@Colliinnn and he hasn\u2019t lost a match since Apr 2nd last year\u002c that\u2019s consistent\u002c and never forgetting Cannavaro\u002c the 1st defender to win it
2.5022E+17	positive	@Daniel_Dennehy Just saw u with Cannavaro\u002c didn\u2019t know u were here in Italy! Congratz for being the 2nd best in the world!!! #Legend
2.36977E+17	negative	@EgyptianLover_ @Tyga 3rd??! :O where have I been I thought Careless World was the 1st one. No?
1.88858E+17	negative	Careless World tour hit up 8 places in Cali. Haha the fuck\u002c yoo.
1.99683E+17	neutral	"1st episode of Careless World TV from Europe is on Facebook\u002c make sure to give it a \""""like\"""" - http://t.co/VhRDJB7y #TeamTyga"
2.1009E+17	neutral	@MagzLovesTyga I do remember. It was like leaked at 1st so he made a new one for Careless World
2.61646E+17	neutral	@Tyga Ay you gone release the HotelCalifornia in feb like you did with  Careless World ?
1.8994E+17	neutral	Careless World is the album of the year by @Tyga
1.953E+17	neutral	Tyga\u2019s Careless World moving down five spots to No. 48 with 8\u002c300. Headed into his 10th week\u002c the YMCB rapper\u2019s LP has sold 199\u002c400 records.
1.99699E+17	neutral	on my YM shit right now. just finished listening to I Am Not A Human Being. now going onto Pink Friday. after this\u002c hello Careless World.
2.29455E+17	positive	@TOHitmaker Yo\u002c I followed you\u002c I`m interested in having the un-tagged 2nd Verse for Careless World.
1.99956E+17	positive	Been listening to Careless World - Rise of the King  Cannot wait for the 23rd  #rackcitybitch  @longman4lrj  @florence200588
2.62843E+17	negative	@o0ToucH0o we dont care about Carling Cup! Save it for #Looserpool! Yeah we lose also i wont be crying all night long on wednesday night!
2.63369E+17	negative	Don\u2019t think Chelsea should appeal for Torres\u2019 red card. Let Sturridge play tomorrow. It\u2019s the Carling Cup\u002c not PL.
2.62883E+17	neutral	Carling Cup on Wednesday. No extra time please.  Have to play more england internationals and give the kids a rest. #lfc #stillinthehat
2.63382E+17	neutral	In the Carling Cup previously\u002c Arsenal played their 2nd string\u002c but even then you could count on Bendtner / Vela to grab a few goals #nb52
2.63983E+17	neutral	Liverpool\u002c CHAMPIONS of the Carling Cup last season\u002c now KICKED OUT in just the 3rd round of the competition 3-1 by SWANSEA at ANFIELD.
2.64155E+17	positive	@JoeWood91 Bren-field mate\u002c we where joint 2nd\u002c they where bottom. They celebrated like they\u2019d just won the Carling Cup!
2.63727E+17	positive	Another #Chelsea vs #ManchesterUnited today for the 4th round of the Carling Cup!! Don\u2019t miss out
2.63771E+17	positive	Have had two very enjoyable nights of Carling Cup action with Arsenal last night and CFC this. Will QPR v Reading on Sunday live up to it..?
2.63602E+17	positive	The BBC are asking if last night\u2019s Carling Cup 4th round tie between Reading and Arsenal was the greatest cup tie of all time. Honestly.
1.98488E+17	negative	@GregUnittXIV I hate to say it but I think it\u2019ll go to penalties tomorrow. I just have that feeling\u002c like I had before the Carling Cup Final
2.25999E+17	neutral	@DunkinBoston Because I went to my 1st match when I was 4? My last match was the Carling Cup Final. #DDLiverpool   http://t.co/IGhqM4Vo
2.39523E+17	neutral	@MeCrazyMatt 2 FA Cup SF\u2019s Carling Cup Final lost on pens he may not have been a true leader but he certainly took us places we ain\u2019t been.
2.46359E+17	neutral	"@ShutDownTheSun \""""these birds dont buy the sun\"""" banner at the Carling Cup Final for Mikey Dye & the LFC96 #DontBuyTheSun http://t.co/ZO2BKZcf"
2.46358E+17	neutral	@ShutDownTheSun \u2019These birds dont buy the sun\u2019 banner at the Carling Cup Final for Mikey Dye and the 96 #DontBuyTheSun https://t.co/cIB2ihJr
1.81327E+17	neutral	@Siralex671 They launched the day of the Carling Cup Final\u002c did you not see the Dont Buy The Sun posters? #DontBuyTheSunANYDAY #JFT96
2.41665E+17	neutral	@rav_sagar @spencermorgan93 they will have the last laugh when we get to the Carling Cup Final.. result may vary.
1.9623E+17	positive	6th...playoffs and a Carling Cup Final!! Malky Mackay\u002c I literally love you!! #whataseason
2.10319E+17	positive	@LivEchoLFC @Dirk_18_Kuyt @jamespearceecho Has to be the hat-trick against ManU....and in a very close 2nd the Carling Cup Final goal :o)
1.72649E+17	positive	@rafvdvaart Hope you are fit for sunday\u002c 3pts against Arsenal\u002c better than watching the Carling Cup Final
2.48432E+17	neutral	#FLEXTHURSDAY !! DIS THURSDAY!!!!!wit @FLEXCREWgotti @DA CROWS NEST WE CALLN OUT DA WHOL SOUF KUM KICK it Wit #PINKCITY!!!!!!!
2.48637E+17	neutral	#FLEXTHURSDAY !! DIS THURSDAY!!!!!wit @FLEXCREWgotti @DA CROWS NEST WE CALLN OUT DA WHOL SOUF KUM KICK it Wit #PINKCITY!..
2.48637E+17	neutral	#FLEXTHURSDAY !! DIS THURSDAY!!!!!wit @FLEXCREWgotti @DA CROWS NEST WE CALLN OUT DA WHOL SOUF KUM KICK it Wit #PINKCITY!\u002c:-)
2.48459E+17	neutral	@YungToneWorld #FLEXTHURSDAY !! DIS THURSDAY!!!!!wit @FLEXCREWgotti @DA CROWS NEST WE CALLN OUT DA WHOL SOUF KUM KICK it Wit #Flex
2.51559E+17	neutral	Burger & Blonde Friday today @moogb Crows Nest $2.00 Pure Blonde with any burger purchase!
2.59201E+17	neutral	Heading to Crows Nest on Sunday to cover Ray White\u2019s celebrations for 110 years in the business of real estate.
2.55088E+17	neutral	This song says everything about a break up ...Rope To Hang by Neil McSweeney: Dir. Sat Johal of Crows Nest Films http://t.co/sA8mXUJv
2.59176E+17	neutral	Will be at Manly Market & Mittagong on Saturday. Crows Nest  Fair and Kiama Market Sunday.  Hope to see you there
2.6408E+17	positive	Hung out with my housemate more (she\u2019s awesome!)\u002c went to Crows Nest festival\u002c celebrated my dogs 5th birthday (love you Diesel Bean!) ...
2.54063E+17	positive	They say you are what you eat\u002c but it\u2019s Friday and I don\u2019t care! #TGIF (@ Ogalo Crows Nest) http://t.co/l3uLuKGk
2.55726E+17	negative	@HTTR24_7 If Cundiff is still the kicker come Sunday I\u2019m starting a riot.
2.57207E+17	negative	WVU goes for it on every 4th down. Is our kicker worst than Cundiff?
2.56984E+17	neutral	"#Nationals 9th Inning had that \""""4th Quarter #Redskins\"""" feel\u002c didn\u2019t it?  Coulda swore I saw Cundiff shank one from the mound."
2.55481E+17	neutral	"@SuperSkin\""""Van full of veteran kickers due into #Redskins Park tomorrow. No word on whether it will run over Cundiff.\"""" Watch it go wide Rt."
2.55771E+17	neutral	Cundiff got released. I think he\u2019s outta the league now\u002c especially if that quote on the TL this past Sunday was real
2.5661E+17	neutral	Dirty Jim had to close that one out. If not\u002c he may have started hearing comparisons to Cundiff in this town.
2.55697E+17	neutral	If Cundiff would\u2019ve made the Field Goal Sunday\u002c I could\u2019ve been eatin\u2019 a free 6in sub at Subway for lunch!
2.55728E+17	positive	@AustinDB34 I know thats what Im saying lol Tucker straight outkicked Cundiff in camp\u002c I\u2019m glad he\u2019s gone. Didnt he miss one in the 4th qtr?
2.56464E+17	positive	Rg is cleared for the Vikings game Sunday #goodmood   p.s. thank God we got rid of Cuntsniff or is it Cundiff?
2.60062E+17	positive	oh shit Ray Lewis may be able to come back. hopefully young cause if you ask me Ravens would have won the Superbpwl if it wasn\u2019t for Cundiff
2.64191E+17	negative	@Tylerkhounthy why there so much easier I\u2019m pretty sure tomorrow is the Cupid shuffle tho ... I hate that
2.63528E+17	negative	Cupid did so much work da 1st time that he don\u2019t wanna be my friend no more
2.60158E+17	neutral	After reviewing my texts/pictures from Thurs-Sat\u002c I\u2019m thinking that alcohol is the liquid form of Cupid. I fall in love every weekend. #oops
2.60788E+17	neutral	Cupid and Psyche isn\u2019t an original Greek myth. It was a story in The Golden Ass by Apuleius and often cited as the 1st Fairy Tale.
2.6283E+17	neutral	Sick Beard: Download Finished: 3rd Rock from the Sun - 5x11 - Dick Puts the \u2019ID\u2019 in Cupid
2.63194E+17	neutral	"\""""someone\u2019s hitman\"""" sure you are. you may be a hitman but dude\u002c you just got pwned by Cupid cos he hit you real hard\u002c man."
2.61327E+17	positive	@JordyGenevieve hahaha shut up Cupid! Yeah hopefully it does go good and Saturday and every other day!
2.60493E+17	positive	@ben_hatton rumour has it Cupid has you on a piece of string ! Friday not sure Saturday rumours are funky town in gants hill the big V
2.61546E+17	positive	Remember Cupid at Convo last year with the bomb candy bar?? If you liked that\u002c you\u2019ll LOVE next Tuesday\u2019s Tr http://t.co/af9hu4pU
2.63549E+17	positive	"\""""@itsmekatsumi: Cupid doesn\u2019t lie but you won\u2019t know unless you give it a try\"""" wwooww.may pinaghuhugutan!"
1.18152E+17	negative	Aw what the hell Curtis Painter coming in and we give up 3rd and 18 conversion.
1.18152E+17	negative	Curtis Painter's finally going to get a shot tonight.  I can't help but root for that guy!
1.18288E+17	negative	Curtis painter did the curtis Painter last night... a fumble and one walk-in td overthrown by 8 yards.
1.18168E+17	negative	Lmao RT @HeatherNoel13: Curtis painter looks like the kind of guy who would try to buy beer on Sunday. #scumbag
1.11484E+17	negative	"Peyton Manning ......... NOOOOOOOOOOOOOOOOOOOO!!! If Curtis Painter is starting on Sunday, I am going to lose my shit."
1.18152E+17	neutral	Colts Backup QB Curtis Painter warming up. This could be it for Kerry Collins who may have a concussion. #NFL #Colts
1.19842E+17	neutral	Colts to start Painter at QB on Monday vs. Bucs - Curtis Painter will make his first NFL start at quarterback for th... LLLINKKK
1.18483E+17	neutral	Curtis Painter was asked in interviews today if as the lead singer of Nirvana was getting the band back together.
1.19269E+17	neutral	I've got a blog post coming up tomorrow. Topic? It's time to learn once and for all what Curtis Painter's got. Start the man. #Colts
1.12943E+17	neutral	"In 14 minutes of Kerry Collins, the #Colts are down 17. Let's give Curtis Painter a shot in the 2nd quarter. Why not?"
1.18168E+17	neutral	"It's going to be a somber set tonight for Curtis Painter's Nickelback cover band, Something In Your Mouth."
1.18152E+17	positive	Curtis Painter...we have a chance again! Can't believe Kerry Collins didn't throw us a pick-six tonight
1.18152E+17	positive	It looks like the Curtis Painter era of Colts may begin tonight!
1.12942E+17	positive	Kerry Collins may look like an old mouse... and hold on to the ball like one... but is a Curtis Painter experiment REALLY that much better?
1.18167E+17	positive	"RT @PeterBurnsRadio: Curtis Painter is totally going to get lucky tonight, probably with another girl that looks just like him"
1.18167E+17	positive	The takeaway from tonight's game: the Colts' run defense was HUGE. And Curtis Painter rightfully owes us all (us especially) a big finger.
1.18362E+17	positive	This may be a fact!! RT @RaheemBrock Curtis painter will help the colts win their first game! U heard it here first!!!
1.92144E+17	neutral	Check out all of Monday\u2019s highlights in 2:19 with the Daily Zap: http://t.co/Ac6GBBbb
1.92144E+17	neutral	Check out all of Monday\u2019s highlights in 2:19 with the Daily Zap: http://t.co/KfNhEft4
2.09167E+17	neutral	Daily Zap OKC vs SAN June 2nd 2012:   Daily Zap OKC vs SAN June 2nd 2012  Check tonight\u2019s e... http://t.co/0o317Q3H Wait 5s\u002cpressSKIP AD
1.87457E+17	neutral	Daily Zap: April 3rd:   Daily Zap: April 3rd  Check out a whip around the league for all the highlights from ton... http://t.co/wCD04IL2
2.56279E+17	neutral	NBA Video - The Daily Zap: All the action from Wednesday\u2019s six pack can be found right here in the Daily Zap. http://t.co/N1HoDRMa #NBA
2.63627E+17	neutral	The @Cavs\u002c @MiamiHEAT & @DallasMavs tip-off the season with Ws Tuesday night. http://t.co/xl31hLWk Daily Zap: http://t.co/WM6ws7SV
2.56294E+17	neutral	The Daily Zap - All the action from Wednesday\u2019s six pack can be found right here in the Daily Zap. http://t.co/nMS3vDEv
2.56279E+17	neutral	The Daily Zap: All the action from Wednesday\u2019s six pack can be found right here in the Daily Zap. http://t.co/hBCUE49s #NBA
2.58099E+17	neutral	The Daily Zap: Catch highlights from Monday\u2019s action in the NBA. http://t.co/oGFF8Aog
2.56633E+17	neutral	The Daily Zap: Catch highlights from Thursday\u2019s action in the NBA. http://t.co/iGCNt9jV
1.00032E+17	negative	Stuck in the Dallas airport until 11:20... On a Saturday night #gettincrazy #getmehome
1.00016E+17	neutral	@MarVictoria_ even sxsw last yr he was there the 1st 2 days and went to Dallas the day stump was there
1.00004E+17	neutral	"@iTasteLikCandy whoaa , well during the breaks i bee in dallas , so i might visit you in November , December , March , & thee Summer ."
1.00048E+17	neutral	"@letmeRyed o ok, well i'm not coming back to dallas tonight"
1.00003E+17	neutral	@murphylee r yall going to be in dallas friday & saturday?
1.00048E+17	neutral	"@sistersncloth Yes, the Dallas event did. Remind me to send you a link tomorrow. It was on 10:00 news too. Our Ft Worth event had none tho."
1.00003E+17	neutral	Trying to go out tonight!!! Where is there to go out here in Dallas????
1.00019E+17	positive	Dallas!!! Are you ready to come have a great night with us?! We can't wait to blow the roof off with you!
1.00032E+17	positive	Good luck and have fun! I'm think about ya'll in Dallas today. @DallasBVB @BrunetteInBigD #Fight #Alzheimers
1.00048E+17	positive	Hope @elianacwg_31  lives it up tonight.. love you mama.. Will visit Dallas soon :))
1.00018E+17	positive	RT @JakeAustinXXX: @tinroom tonight! Come see me and the hottest gogo boys in Dallas!! @gaypornfanatic @bonepilot
1.00033E+17	positive	Reminds me of the best night of my life. RT @ayepeeMAXIN: 9am in dallas
1.00019E+17	positive	Win or lose I think most Dallas fans would agree it's just great to play in games as big as this one tonight again after yrs of mediocrity.
1.00019E+17	positive	Yep and that might b my move in Dallas tonight RT @AntwannetteBond: True! Tht would b fun.. @Breedlove_08
2.53923E+17	negative	And the new season opener is against the Dallas Stars on Thursday\u002c Oct 25. You probably shouldn\u2019t buy tickets yet. Call me cynical.
2.6107E+17	negative	D.J. King Suffered broken right hand in fight with Krys Barch Oct 24 2009 stlblues vs Dallas Stars; missed 3+ months http://t.co/vJYYDucp
2.53799E+17	negative	Tonight\u002c Obama was the Buffalo Sabres and Mitt was the Dallas Stars. It may not seem right... http://t.co/7CmDCgzD http://t.co/I9PixPcG
2.60802E+17	neutral	@puckchk did i read the barons schedule right when it said we play the dallas stars at home on sunday?
2.53164E+17	neutral	Dallas Stars forward Jamie Benn has signed with the Hamburg Freezers in Germany. He could make his debut against Mannheim on Friday.
2.64082E+17	neutral	Get your ticket for a Detroit Red Wings Bus Trip on March 22nd against the Dallas Stars. http://t.co/F0oOYTEQ
2.53687E+17	neutral	Tonight\u002c Obama was the Buffalo Sabres and Mitt was the Dallas Stars. It may not seem right to the Sabres fans\u002c but Dallas still won.
2.53768E+17	neutral	Tonight\u002c Obama was the Buffalo Sabres and Mitt was the Dallas Stars. It may not seem right to... http://t.co/4UvmtxSb http://t.co/HvmhXPU8
2.56882E+17	positive	FLASHBACK FRIDAY:The Dallas Stars settle victoriously in to their new digs at the AAC. WATCH: First Game http://t.co/633zqGP2
2.60038E+17	positive	i wish the nhl and nhlpa to come to an agreement so i can go to dallas to see my dallas stars in march
2.61315E+17	neutral	@AnaBanana12 do you like @OurNameIsFun? Presale is tomorrow for Jan 31st show at DAR Constitution Hall.
2.53593E+17	neutral	Anybody want some Dispatch tickets. They are playing next Thursday (Oct 11( at DAR Constitution Hall with Good... http://t.co/RqSWNGmA
2.40667E+17	neutral	Going to see Estelle - Sat 9/15 in Washington\u002c DC at DAR Constitution Hall! Check out the tour dates here -  http://t.co/yS4GMo58
2.39185E+17	neutral	I\u2019m going to Anthony Hamilton at DAR Constitution Hall in Washington\u002c DC - Sep 15 http://t.co/PEcRmVHl
2.15168E+17	neutral	July 8th... It\u2019s goin down at DAR Constitution Hall... I\u2019m gonna make this last part rhyme... MB Y\u2019ALL!!!!!
2.48549E+17	neutral	November 3rd-Norfolk\u002c VA-NorVa Theatre (NAS ONLY)November 4th-Washington\u002cDC - DAR Constitution Hall......for you concert seekers out there !
2.10153E+17	neutral	Who would go see @KChenoweth with me at DAR Constitution Hall on sunday evening?
2.20334E+17	neutral	think ima go to Nicki Concert @ the DAR Constitution Hall on the 21st.. 2 chainz gonna be dere
2.21846E+17	positive	@MindlessBhavior        Hey mindless behavior I was at ur concert on saturday at the DAR Constitution Hall. great p
2.63302E+17	positive	Shaquille O\u2019Neal All-Star comedy jam @ DAR Constitution Hall Sat. 8pm Nov 3\u002c 2012 Washington DC.. Looks like it will be a great show!!
2.63776E+17	negative	@ooteeny @stuwaldy will NEVER but the sun Jo\u002c never!  EVEN - for a guaranteed date with Dave Grohl!!! Even then!!!
2.5638E+17	neutral	@matt_bearden I have snuck into the Sunday night VIP party at ACL.. Got to meet Dave Grohl and party open bar style
2.56767E+17	neutral	Guy sat opposite me on the train is the spit of Dave Grohl
2.6015E+17	neutral	I\u2019ll let Killing Joke deal with my Sunday night blues instead. That\u2019s Dave Grohl on drums too. http://t.co/bp1mSufB
2.55038E+17	neutral	Queens of the Stone Age & Dave Grohl sat on the stool - Regular John from Glastonbury during the Song For The Deaf tour http://t.co/nbSntwba
2.54915E+17	neutral	Queens of the Stone Age\u2019s Regular John from Glastonbury during the Song For The Deaf tour & Dave Grohl sat on the stool http://t.co/mitUJIF7
2.59351E+17	positive	@Kirsty_182 my older brother is going to see Tenacious D on Sunday and Dave Grohl is going to be playing the drums there!!!!!!!
2.62957E+17	positive	February Stars\u002c 15 years old and still one of the best songs Dave Grohl has ever written. #fact
2.59284E+17	positive	Fun fact in 7th grade i thought dave grohl and eddie vedder were the same person
2.58166E+17	positive	Sat here on my birthday listening to @foofighters - would be great to get a shout out from you guys - Dave Grohl = Legend!!!
2.25645E+17	neutral	@BravoLacy David Taylor?  A few yrs ago\u002c whn he 1st came 2 stl\u002c he went by apostle. My hubs used 2 play for his services.
2.57221E+17	neutral	@kyledake444 Plz give the fans a treat and start trash talking David Taylor. Really heat things up b4 what may be the Match of the Century!
2.33971E+17	neutral	@mcgeecraig come see @theiqonsband\u002c @Tijuana_Bibles\u002c @Stone_Fox_Chase\u002c and David Taylor at PivoPivo with me next Saturday
2.40285E+17	neutral	Brand new updated logo\u002c edited by David Taylor the new Executive Producer of ROC-TV. First introduction video will be up tomorrow!
2.43711E+17	neutral	Check out some live jazz music from David Taylor and Tom Ogunribido today from 12-2pm in the LPC Student Center 2nd floor dining area!
2.20074E+17	neutral	"\""""I don\u2019t know of a rule that could stop QLD playing David Taylor\"""" - the NRL to us on if QLD can play Taylor tomorrow in #Origin3"
2.20074E+17	neutral	"\""""I don\u2019t know of a rule that could stop QLD playing David Taylor\"""" - the NRL to us on if QLD can play Taylor tomorrow in #Origin3 #nrl"
2.44353E+17	neutral	\u2019Clockwinder-who wouldn\u2019t say no\u2019. Launch at the Commons on Tuesday. The biog of the late David Taylor is the untold story of a virtuous MP.
2.3656E+17	positive	@JimGellatly  come with me\u002c and you will see @theiqonsband\u002c @Tijuana_Bibles\u002c @Stone_Fox_Chase\u002c and David Taylor at PivoPivo tomorrow night
2.51763E+17	positive	@davetaylor2112 Hey there David Taylor. Nice to have you along sir. How is your Friday? #mushroomfm
2.28771E+17	negative	@MoTheRipper I was like Shy Glizzy bouta be up at DC Star Saturday and he said Nigga no im not
2.41062E+17	neutral	@DCYOUNGREBEL French Montana Live @ DC Star this Saturday #LaborDayWkend S/o @BennyT14 @DarnellMVP check it out >> http://t.co/92odoLem
2.41062E+17	neutral	@DropSquad2 French Montana Live @ DC Star this Saturday #LaborDayWkend S/o @BennyT14 check it out >> http://t.co/92odoLem
2.56032E+17	neutral	Beenie Man will be performing at Echostage (DC Star) next friday for the HU Yardfest Afterparty (18+ event) contact @SocaYute for tickets
2.41063E+17	neutral	French Montana Live @ DC Star this Saturday #LaborDayWkend S/o @BennyT14 @DarnellMVP check it out >>  http://t.co/g3dZn27r
2.41684E+17	neutral	"\""""@FrencHMonTanA: DMV I will be Performing LIVE @ DC Star this Saturday w/ Big and the Band shout to Sunshine + Bennyt\"""""
2.41588E+17	positive	DMV I will be Performing LIVE @ DC Star this Saturday w/ Big and the Band shout to Sunshine + Bennyt
2.39812E+17	positive	I Will Be Performing at the DC Star on September 1st Hope Yall Can Come Thru! http://t.co/UXZjcSul
2.2687E+17	positive	LiiiiiiiiiiiiiiiiiiiiiiiiiiiiiiiiiiSTOOoOoO pa RompER DC STAR nightclub 4 the 1st time SINCE 08 !!! ToY Readyy ! #dmvsofficialhost
2.35224E+17	positive	My 2nd time seeing @NICKIMINAJ was wen me Kiaya n Chante went to the DC Star we stood in line @ 330pm n they open the club doors at 12am lol
2.63087E+17	negative	@dorcov YUP. And did you watch Degrassi from friday yet? looool awkward campbell
2.62477E+17	negative	I still didn\u2019t watch Degrassi from Friday? What am I doing with my life? Apparently not much.
2.63122E+17	neutral	I think every Friday im going to tweet: yay degrassi tonight. #getusedtoit
2.63063E+17	neutral	People that are like 3rd year seniors << It\u2019s about time you move on w/ high school. This is not Degrassi where you\u2019re the same age forever
2.62384E+17	neutral	pretty little liarssss timeee\u002c because i missed the premier on tuesday :3 then degrassi\u002c then jshore... WOO for being occupied
2.62792E+17	neutral	was sat watching Degrassi then came to the realisation that Little Things will be aired in a while.
2.64133E+17	positive	@_Favs he\u2019s been my lover since 7th grade\u002c Degrassi days!!
2.64176E+17	positive	@degrassihaha Going to the Holy Land (Canada) tomorrow. If I\u2019m lucky\u002c I\u2019ll meet some of the Degrassi gang. Well\u002c in my dreams :P.
2.62442E+17	positive	but rest assures I am watching Degrassi\u002c and loving it may i add. (;
2.62386E+17	positive	i just saw degrassi cause i missed id on friday @DylanEvz your so cute !
9.66792E+16	negative	@charliemax Democrats will quickly implode and concede.  Obama will either veto the Boehner bill or invoke the 14th Amend...then IMPEACH!
9.42328E+16	negative	Democrats call on Lt. Gov. Ard to resign: Democrats called Thursday for the immediate resignation of Lt. G... http://tinyurl.com/3m3fpwl
9.10303E+16	negative	Fake Democrats lose in Wisconsin primary recalls All six fake Democrats lost to Democrats supported by the party in primaries Tuesday that
9.69081E+16	negative	Once again Democrats spent all night and this morning trying to talk down the stock market...whatever happens there can be no blank check!
9.13394E+16	negative	RE: @leighacton What the heck was obama doing for the 1st 2 years when Democrats controlled everything?!!! http://disq.us/2lpzqm
9.77696E+16	negative	"RT @Politicolnews: I think it's time to start calling the Democrats offices, demand they use the 14th now, don't cave to Nut Jobs."
9.1687E+16	neutral	Democrats defeat Republicans 8-2 in Congressional baseball game tonight.
1.04908E+17	neutral	RT @TAN_Network: Foreign Minister Surapong to file complaint against Democrats with police on Mon at 3pm
9.44329E+16	neutral	"RT @jamiedupree: The mantra from Republicans to Democrats today is, 'if you don't like our plan, then where is your plan"
9.44164E+16	neutral	"The mantra from Republicans to Democrats today is, 'if you don't like our plan, then where is your plan\""The mantra from Republicans t..."
9.12303E+16	positive	"All of the \""real\"" Democrats won their respective races & will move on 2 face the 6 recalled Republican state senators on August 9 #YesWeCan"
9.66193E+16	positive	RT @StevenTDennis: Today *very* rare day when Democrats will get healthier on their Club for Growth scorecards than most Republicans.
9.66191E+16	positive	Today *very* rare day when Democrats will get healthier on their Club for Growth scorecards than most Republicans.
9.3497E+16	positive	"Well the cool thing with Democrats in power, DOMA is getting reviewed on the 20th."
1.88483E+17	neutral	Angelito casts and PBBUnlimited BIG4 with Kevin\u002c Divine\u002c Deniesse and Ryan are guests tomorrow night sa kick off. - adm. @ellen0716
1.94635E+17	neutral	Mallshow with the #PBBUnlimited BIG 4 + Wendy\u002c Divine\u002c Deniesse at Pacific Mall Legaspi Landco Plaza\u002c April 30\u002c 6pm! Kitakits\u002c Taongbayan :)
1.94635E+17	neutral	UPDATE: Mallshow with the #PBBUnlimited BIG 4 + Wendy\u002c Divine\u002c Deniesse at Pacific Mall Legaspi Landco Plaza\u002c April 30\u002c 6pm! -- adminKIM
1.9583E+17	neutral	Watch out for @wendytabusalla together with Divine\u002c Deniesse and the BIG4 at the Pacific Mall Legazpi Landco Plaza on April 30\u002c 6pm.
1.83753E+17	positive	"=) \""""@keeyatami: I get LOVESTRUCK with Deniesse and Slater. Swear. They look cute. Plus I can relate to Deniesse pacute to her crush\u002c Slater\"""""
1.94636E+17	positive	@DENIESSEsters: Mallshow with the #PBBUnlimited BIG 4 + Wendy\u002c Divine\u002c Deniesse at Pacific Mall Legaspi Landco Plaza\u002c April 30\u002c 6pm! :)
2.08159E+17	positive	@SlaNiesse2 Happy 4th Monthsary SlaNiesse!! ;) Wishing you guys more more months and years together. Stay strong for Slater and Deniesse! ;)
1.88629E+17	positive	Big 4 with Kevin\u002c Deniesse\u002c Devine\u002c and Ryan sa kick off ng PBB Teen Edition 4 on Sunday\u002c April 8 at 9pm.#excitedmuch!!!#BiggelonTV
2.06053E+17	positive	Happy 3rd Monthsary #Loverss! :) Salamat sa pag support ky Ate @deniessejoaquin :) All for Deniesse\u002c All for the Love. http://t.co/fSMBsxu5
2.059E+17	positive	till June 5 nalang ang botohan! So make sure you vote Deniesse\u002c Wendy\u002c Jazz and Divine on FHM 100 sexiest! :) #THV\u2019sPride!
2.64228E+17	negative	@_JustAnother1 smh I\u2019m just waiting on the black ppl to cuss me out tomorrow about Denzel lol NIGGAS!!!
2.64243E+17	negative	Think imma go see Flight tomorrow.. Denzel\u2019s the shit
2.64257E+17	neutral	I want to go watch Denzel\u2019s new movie tomorrow! Someone take meeeeeeeeeee.
2.64179E+17	positive	7:15pm tomorrow night I have a date with Denzel! #Flight I can\u2019t wait!
2.64211E+17	positive	@lakeshow73 it\u2019s out already?  Thought it was tomorrow? Denzel is the best EVER. Movie looks amazing.
2.64204E+17	positive	"Cant wait to see \""""Flight\"""" on Saturday\u002c Denzel is one of the best actors in the world alongside Leo and De Niro"
2.64185E+17	positive	Gotta go see Flight tomorrow Denzel is the greatest actor ever
2.64244E+17	positive	Hey I wanna see Flight tomorrow with Denzel ol fine self.
2.64192E+17	positive	That movie Flight with Denzel looks really good! May have to go check it out
2.64205E+17	positive	"\""""@bline803rasta: Mane I gotta see that Denzel movie tomorrow! Shit look like its gone be a good one\""""ditto. Im going to try to go tomorrow"